{
  "attention": {
    "l2": {
      "mean": 2.0195732017358146,
      "std": 1.679037863290062,
      "min": 0.0,
      "max": 4.75,
      "total": 387.75805473327637,
      "count": 192
    },
    "l2_normalized": {
      "mean": 0.040948565603165225,
      "std": 0.026971342458565105,
      "min": 0.0,
      "max": 0.11057692307692307,
      "total": 7.862124595807723,
      "count": 192
    },
    "l1": {
      "mean": 2796.2479370037713,
      "std": 2952.8053173230705,
      "min": 0.0,
      "max": 9728.0,
      "total": 536879.6039047241,
      "count": 192
    },
    "l1_normalized": {
      "mean": 0.0220312138317178,
      "std": 0.016536687628452607,
      "min": 0.0,
      "max": 0.08629707112970711,
      "total": 4.2299930556898175,
      "count": 192
    },
    "cosine_distance": {
      "mean": 0.0011189778645833333,
      "std": 0.0035797464582795124,
      "min": -0.0078125,
      "max": 0.0078125,
      "total": 0.21484375,
      "count": 192
    },
    "relative_mean": {
      "mean": 1.4887969656847417,
      "std": 1.9180793783370234,
      "min": 0.0,
      "max": 16.5,
      "total": 285.8490174114704,
      "count": 192
    },
    "relative_std": {
      "mean": 1321.3438436289628,
      "std": 4462.6342124915855,
      "min": 0.0,
      "max": 37120.0,
      "total": 253698.01797676086,
      "count": 192
    },
    "param_count": {
      "mean": 6991872.0,
      "std": 7127607.296962424,
      "min": 4096.0,
      "max": 16777216.0,
      "total": 1342439424.0,
      "count": 192
    },
    "vocab_expansion": {
      "mean": 0.0,
      "std": 0.0,
      "min": "False",
      "max": "False",
      "total": 0.0,
      "count": 192
    }
  },
  "mlp": {
    "l2": {
      "mean": 7.6259765625,
      "std": 0.6553418369666388,
      "min": 6.34375,
      "max": 8.8125,
      "total": 732.09375,
      "count": 96
    },
    "l2_normalized": {
      "mean": 0.05438256147168247,
      "std": 0.004417502608142806,
      "min": 0.04400510204081633,
      "max": 0.06294642857142857,
      "total": 5.220725901281517,
      "count": 96
    },
    "l1": {
      "mean": 22369.333333333332,
      "std": 2030.0668845029602,
      "min": 17792.0,
      "max": 26624.0,
      "total": 2147456.0,
      "count": 96
    },
    "l1_normalized": {
      "mean": 0.026247610980810878,
      "std": 0.0026355862385600668,
      "min": 0.01983447488584475,
      "max": 0.03463855421686747,
      "total": 2.519770654157844,
      "count": 96
    },
    "cosine_distance": {
      "mean": 0.0010579427083333333,
      "std": 0.0038022937455155165,
      "min": -0.0078125,
      "max": 0.0078125,
      "total": 0.1015625,
      "count": 96
    },
    "relative_mean": {
      "mean": 2.1106770833333335,
      "std": 1.3403763721066966,
      "min": 1.1953125,
      "max": 7.875,
      "total": 202.625,
      "count": 96
    },
    "relative_std": {
      "mean": 4946.5,
      "std": 8991.361710923806,
      "min": 392.0,
      "max": 41216.0,
      "total": 474864.0,
      "count": 96
    },
    "param_count": {
      "mean": 58720256.0,
      "std": 0.0,
      "min": 58720256.0,
      "max": 58720256.0,
      "total": 5637144576.0,
      "count": 96
    },
    "vocab_expansion": {
      "mean": 0.0,
      "std": 0.0,
      "min": "False",
      "max": "False",
      "total": 0.0,
      "count": 96
    }
  },
  "norm": {
    "l2": {
      "mean": 0.017708995125510475,
      "std": 0.01774060611100561,
      "min": 0.0,
      "max": 0.05322265625,
      "total": 1.1687936782836914,
      "count": 66
    },
    "l2_normalized": {
      "mean": 0.007802732828020604,
      "std": 0.00896510893950418,
      "min": 0.0,
      "max": 0.03643048128342246,
      "total": 0.5149803666493599,
      "count": 66
    },
    "l1": {
      "mean": 0.4159906560724432,
      "std": 0.5307415673952756,
      "min": 0.0,
      "max": 2.359375,
      "total": 27.45538330078125,
      "count": 66
    },
    "l1_normalized": {
      "mean": 0.009632292466699166,
      "std": 0.02621086194572905,
      "min": 0.0,
      "max": 0.16071428571428573,
      "total": 0.635731302802145,
      "count": 66
    },
    "cosine_distance": {
      "mean": 0.00023674242424242425,
      "std": 0.0037786197205284962,
      "min": -0.0078125,
      "max": 0.0078125,
      "total": 0.015625,
      "count": 66
    },
    "relative_mean": {
      "mean": 0.3129915324124423,
      "std": 0.6027156622647838,
      "min": 0.0,
      "max": 3.71875,
      "total": 20.65744113922119,
      "count": 66
    },
    "relative_std": {
      "mean": 7.393536654385653,
      "std": 18.553163371075552,
      "min": 0.0,
      "max": 122.5,
      "total": 487.9734191894531,
      "count": 66
    },
    "param_count": {
      "mean": 4096.0,
      "std": 0.0,
      "min": 4096.0,
      "max": 4096.0,
      "total": 270336.0,
      "count": 66
    },
    "vocab_expansion": {
      "mean": 0.0,
      "std": 0.0,
      "min": "False",
      "max": "False",
      "total": 0.0,
      "count": 66
    }
  }
}